Ind,Pop,x,y,QS03797_1,QS03797_2,MSQ13_1,MSQ13_2,QrZAG20_1,QrZAG20_2,QpZAG110_1,QpZAG110_2,QS00314_1,QS00314_2,QS01904_1,QS01904_2,MSQ4_1,MSQ4_2,QS00562_1,QS00562_2,QrZAG87_1,QrZAG87_2,QpZAG15_1,QpZAG15_2,QM692M_1,QM692M_2
QH-E-1-1,E-1-,-102.6168513,33.37272459,145,148,226,226,160,169,161,204,166,166,135,137,202,226,223,223,100,100,168,168,234,235
QH-E-1-11,E-1-,-102.6383333,33.383309,148,148,226,226,169,179,161,161,166,166,137,137,210,201,223,223,100,100,168,168,232,223
QH-E-1-12,E-1-,-102.6387369,33.38344742,145,148,0,0,157,157,204,204,175,175,137,137,212,216,223,225,100,980,169,171,232,236
QH-E-1-13,E-1-,-102.6125685,33.35802703,148,148,226,226,169,157,161,161,166,166,137,139,202,212,223,223,100,980,168,168,235,220
QH-E-1-14,E-1-,-102.6128167,33.35838165,148,148,226,230,169,179,204,206,166,175,137,137,212,212,225,225,100,100,171,171,235,232
QH-E-1-15,E-1-,-102.6016071,33.34340965,148,148,226,228,179,157,161,204,166,166,137,137,201,208,223,223,100,100,167,170,232,220
QH-E-1-16,E-1-,-102.5998077,33.3434488,145,148,0,0,157,155,161,204,166,175,137,137,201,208,223,225,100,100,168,171,235,232
QH-E-1-17,E-1-,-102.5981339,33.34337044,148,148,226,228,157,157,204,204,166,175,137,137,218,206,223,223,100,990,171,171,232,229
QH-E-1-18,E-1-,-102.5968686,33.34316922,148,148,226,226,179,179,161,204,166,175,137,137,212,212,223,223,100,100,169,167,235,220
QH-E-1-19,E-1-,-102.611873,33.33613179,145,145,226,226,160,157,202,205,166,175,137,137,201,206,223,223,100,960,168,175,235,232
QH-E-1-2,E-1-,-102.6168648,33.37297641,148,148,226,226,169,179,204,204,166,166,135,139,202,226,223,223,100,960,160,169,234,235
QH-E-1-20,E-1-,-102.6118829,33.33577131,148,148,226,226,179,157,161,205,175,175,137,137,212,208,225,225,100,980,168,177,235,232
QH-E-1-21,E-1-,-102.6118853,33.33568119,148,148,226,228,179,181,204,204,175,175,137,137,201,201,223,223,100,980,160,169,235,235
QH-E-1-3,E-1-,-102.6169815,33.37318875,145,148,226,226,157,159,161,204,166,175,137,137,202,218,223,223,100,960,167,171,232,232
QH-E-1-4,E-1-,-102.6282368,33.37278226,145,148,226,226,179,159,161,161,166,175,137,137,196,196,223,223,100,100,168,166,235,232
QH-E-1-5,E-1-,-102.6284533,33.37303887,145,148,226,228,157,155,161,204,166,175,137,137,210,212,223,223,100,980,168,168,235,232
QH-E-1-6,E-1-,-102.6286341,33.37326684,145,148,226,228,155,163,161,204,166,166,137,137,212,212,224,224,100,100,168,171,235,220
QH-E-1-7,E-1-,-102.6289613,33.37340925,145,148,226,226,157,165,204,204,175,178,137,137,210,201,223,223,100,980,168,168,235,232
QH-E-1-8,E-1-,-102.6291629,33.37358442,145,148,226,226,157,165,204,204,175,178,137,137,210,201,223,223,100,980,168,168,235,232
QH-E-1-9,E-1-,-102.6294636,33.37378673,145,148,226,226,157,165,204,204,175,178,137,137,210,201,223,223,100,980,168,168,235,232
QH-E-10-1,E-10,-101.3344383,32.2861231,148,146,226,216,169,157,204,204,166,178,137,137,0,0,223,223,100,960,168,168,235,232
QH-E-10-2,E-10,-101.3344178,32.28532086,145,148,0,0,165,167,161,207,175,175,137,137,196,201,215,215,100,960,171,159,235,232
QH-E-10-3,E-10,-101.3369709,32.28594095,145,148,226,224,179,157,204,204,166,175,137,137,214,214,223,223,100,980,169,173,235,232
QH-E-10-4,E-10,-101.3385135,32.28648052,145,148,226,226,155,167,161,204,166,175,137,137,210,210,225,225,100,100,160,172,232,232
QH-E-10-5,E-10,-101.3383462,32.28575315,145,145,226,226,157,155,204,204,175,169,137,137,212,214,223,223,100,980,160,161,232,232
QH-E-10-6,E-10,-101.3389559,32.28799639,146,146,0,0,160,159,161,204,166,166,137,137,212,206,223,223,100,960,160,160,232,243
QH-E-10-7,E-10,-101.3273907,32.28950883,146,142,0,0,179,171,161,204,178,169,137,137,196,208,223,223,100,100,168,168,232,237
QH-E-10-8,E-10,-101.3331352,32.28705803,142,142,226,226,157,171,161,202,178,169,137,139,212,212,225,225,100,960,171,171,232,232
QH-E-10-9,E-10,-101.3347004,32.28640683,145,148,226,218,157,155,0,0,0,0,135,137,196,205,223,223,100,990,168,171,235,232
QH-E-11-1,E-11,-102.8129993,31.62683542,145,148,226,228,157,159,161,161,175,175,137,137,212,208,223,223,100,100,168,168,232,220
QH-E-11-2,E-11,-102.8144955,31.63137073,146,146,226,228,179,167,161,208,166,166,137,137,201,242,223,225,100,100,169,169,220,236
QH-E-11-3,E-11,-102.8106443,31.63107022,145,148,226,228,179,157,204,209,175,175,137,137,230,230,223,225,980,980,166,166,232,232
QH-E-11-4,E-11,-102.8154028,31.63179214,145,148,226,226,157,157,204,208,166,175,137,137,212,208,223,225,100,990,160,169,235,232
QH-E-11-5,E-11,-102.8160015,31.63233453,148,148,226,226,157,157,204,205,166,175,137,139,201,208,223,225,100,100,171,171,232,232
QH-E-2-1,E-2-,-103.8670383,33.4083158,146,146,226,226,160,179,161,207,166,166,137,137,208,199,223,225,100,980,169,171,235,232
QH-E-2-10,E-2-,-103.8658193,33.41075875,148,148,226,226,157,157,204,202,166,169,137,137,212,238,225,225,100,980,160,169,220,220
QH-E-2-11,E-2-,-103.8657788,33.41197325,145,146,226,226,179,155,204,204,175,175,137,137,212,212,223,223,100,980,168,168,235,232
QH-E-2-12,E-2-,-103.8663408,33.40770244,145,148,226,226,157,157,161,204,166,166,137,139,202,213,223,223,100,100,160,171,232,236
QH-E-2-13,E-2-,-103.8657117,33.40795464,148,146,226,226,169,179,161,161,166,175,137,137,212,212,223,223,100,100,168,168,232,220
QH-E-2-14,E-2-,-103.8652588,33.40805061,148,148,226,226,157,157,204,204,175,175,137,137,206,206,223,225,100,100,169,171,235,232
QH-E-2-15,E-2-,-103.8647724,33.40796408,148,146,226,226,169,157,161,204,166,175,137,137,212,208,223,223,100,100,168,168,232,232
QH-E-2-16,E-2-,-103.8646278,33.40784042,145,146,226,228,157,157,204,204,166,169,137,139,212,201,223,223,100,980,169,175,232,237
QH-E-2-17,E-2-,-103.8642677,33.40778806,145,148,226,226,157,157,204,204,166,175,137,139,196,196,223,223,100,100,171,159,232,232
QH-E-2-18,E-2-,-103.8636049,33.40778199,148,146,226,230,179,157,204,208,166,166,137,137,203,203,225,225,100,100,168,168,235,235
QH-E-2-19,E-2-,-103.8632149,33.40777841,148,148,226,226,179,157,161,205,166,169,135,137,212,208,223,223,100,980,168,171,232,220
QH-E-2-2,E-2-,-103.8668477,33.4083348,148,148,226,226,179,157,161,204,166,175,137,137,198,198,223,225,100,100,168,168,232,231
QH-E-2-20,E-2-,-103.8629712,33.40777618,148,146,226,230,179,157,204,208,166,166,137,137,203,203,225,225,100,100,168,168,235,235
QH-E-2-21,E-2-,-103.8628266,33.4076522,145,145,226,226,157,155,204,204,166,175,135,137,210,212,223,225,100,960,168,168,235,232
QH-E-2-22,E-2-,-103.8620467,33.40764505,148,148,226,226,179,157,161,204,166,175,137,137,212,212,225,225,100,100,168,168,232,220
QH-E-2-23,E-2-,-103.8620478,33.40756329,148,148,226,226,179,157,161,204,166,175,137,137,212,212,225,225,100,100,168,168,232,220
QH-E-2-24,E-2-,-103.8618736,33.40770624,145,145,226,228,169,155,161,204,166,166,137,137,212,212,223,223,100,100,169,169,232,232
QH-E-2-25,E-2-,-103.8670019,33.4070863,145,145,226,228,155,155,161,209,166,175,137,137,212,212,225,225,100,980,168,168,220,220
QH-E-2-3,E-2-,-103.8666481,33.40888314,145,148,226,226,169,179,204,210,166,166,137,137,212,208,223,225,100,980,160,169,220,249
QH-E-2-4,E-2-,-103.8665678,33.40885535,148,146,226,226,169,179,204,209,166,166,137,137,212,208,223,225,100,980,160,169,220,249
QH-E-2-5,E-2-,-103.8667299,33.40920767,146,146,226,228,169,169,161,204,166,166,137,139,202,208,225,225,100,980,168,160,235,220
QH-E-2-6,E-2-,-103.8667134,33.40957099,148,146,226,226,169,157,204,204,166,166,137,137,202,203,223,223,100,100,160,159,220,231
QH-E-2-7,E-2-,-103.8659885,33.41015872,148,148,226,226,157,157,204,202,166,169,137,137,212,240,225,225,100,980,160,169,220,220
QH-E-2-8,E-2-,-103.8657972,33.41047806,148,148,226,226,157,157,204,202,166,169,137,137,212,238,223,225,100,980,160,169,220,220
QH-E-2-9,E-2-,-103.8657939,33.41056461,148,148,226,226,157,157,204,202,166,169,137,137,212,238,223,225,100,980,160,169,220,220
QH-E-3-1,E-3-,-103.3634497,33.68658948,148,148,226,226,171,171,161,204,166,178,137,137,212,212,223,223,100,980,160,160,232,232
QH-E-3-10,E-3-,-103.3621419,33.68644951,145,148,226,226,157,155,204,204,166,175,137,137,214,214,223,225,100,100,168,171,232,232
QH-E-3-11,E-3-,-103.3618485,33.68644562,145,148,226,226,157,155,204,204,166,175,137,137,214,214,223,225,100,100,168,171,232,232
QH-E-3-12,E-3-,-103.3612228,33.68643732,145,148,226,226,157,155,161,202,166,175,137,139,201,203,223,223,100,100,168,171,232,232
QH-E-3-14,E-3-,-103.3615145,33.68428298,146,146,226,226,179,167,161,204,166,175,135,137,210,212,223,223,100,102,168,174,236,236
QH-E-3-15,E-3-,-103.3615244,33.68415866,148,148,226,228,169,157,204,208,166,166,137,139,226,212,223,223,100,100,168,168,232,232
QH-E-3-16,E-3-,-103.361526,33.68407662,148,146,226,226,179,157,161,161,175,175,137,137,226,226,223,223,100,980,168,168,235,235
QH-E-3-17,E-3-,-103.3615278,33.68397925,148,146,226,226,179,157,161,161,175,175,137,137,226,226,223,223,100,980,168,168,235,235
QH-E-3-18,E-3-,-103.3615302,33.68385664,148,146,226,226,179,157,161,161,175,175,137,137,226,226,223,223,100,980,168,168,235,235
QH-E-3-19,E-3-,-103.3615333,33.68369255,145,148,226,226,157,157,161,161,166,175,137,137,202,222,223,223,100,100,168,168,235,232
QH-E-3-2,E-3-,-103.3633618,33.68658831,148,148,226,226,157,157,207,207,166,166,137,137,212,201,223,225,100,980,168,168,235,220
QH-E-3-20,E-3-,-103.3615345,33.68362764,145,148,226,226,157,157,161,161,166,175,137,137,202,222,223,223,100,100,168,168,235,232
QH-E-3-21,E-3-,-103.3615395,33.68336619,148,146,226,228,169,179,204,204,166,175,137,137,202,218,223,223,100,100,168,168,232,220
QH-E-3-22,E-3-,-103.3615423,33.68321833,145,145,226,226,159,165,161,206,166,166,137,137,212,212,223,223,980,990,168,168,232,232
QH-E-3-23,E-3-,-103.3615474,33.68294876,148,146,226,226,179,167,161,204,175,175,137,137,208,208,223,225,100,980,160,179,235,235
QH-E-3-24,E-3-,-103.36155,33.68280992,148,146,226,226,169,179,161,205,175,175,137,137,201,208,223,223,100,980,160,160,235,232
QH-E-3-25,E-3-,-103.3615536,33.68262239,145,148,226,226,157,157,161,204,175,175,137,137,218,201,223,223,100,100,168,160,235,232
QH-E-3-26,E-3-,-103.3614288,33.6826018,145,148,226,226,157,157,161,204,175,175,137,137,218,201,223,223,100,100,168,160,235,232
QH-E-3-27,E-3-,-103.3614372,33.68216093,148,148,226,226,169,157,161,161,166,166,137,137,218,218,225,225,100,100,160,171,235,232
QH-E-3-28,E-3-,-103.3614447,33.68176785,148,148,226,226,157,157,204,204,166,166,137,137,214,214,225,225,100,100,160,160,232,232
QH-E-3-3,E-3-,-103.363264,33.68658702,148,148,226,226,157,157,208,208,166,166,137,137,212,199,223,225,100,980,169,169,235,220
QH-E-3-4,E-3-,-103.3631662,33.68658572,148,148,226,226,157,157,207,207,166,166,137,137,212,201,223,225,100,980,168,168,235,220
QH-E-3-5,E-3-,-103.3630684,33.68658443,148,151,226,226,157,157,161,206,166,175,137,137,212,212,223,223,100,100,168,168,235,231
QH-E-3-6,E-3-,-103.3626773,33.68657924,146,151,226,226,179,157,161,161,166,166,137,137,212,212,223,223,100,100,168,168,235,232
QH-E-3-7,E-3-,-103.362533,33.6864547,148,146,226,228,157,165,161,204,166,175,137,137,201,201,223,223,100,100,168,177,235,220
QH-E-3-8,E-3-,-103.3624352,33.6864534,148,146,226,228,157,165,161,204,166,175,137,137,201,201,223,223,100,100,168,177,235,220
QH-E-3-9,E-3-,-103.3622396,33.68645081,145,148,226,226,157,165,161,204,166,175,137,137,212,208,223,223,100,100,168,170,235,220
QH-E-4-1,E-4-,-103.2362849,33.61064455,145,148,226,226,169,155,204,207,175,175,137,137,210,210,223,223,100,100,169,177,232,232
QH-E-4-10,E-4-,-103.2375346,33.61172647,145,145,226,226,160,157,204,204,166,166,137,137,212,212,223,223,100,980,168,168,235,232
QH-E-4-11,E-4-,-103.2376564,33.61183192,148,148,226,197,167,167,204,204,166,166,137,137,208,220,223,223,100,980,160,169,235,220
QH-E-4-12,E-4-,-103.2377793,33.61193827,146,146,226,226,169,181,204,208,166,175,137,137,212,208,223,223,980,980,168,168,232,220
QH-E-4-13,E-4-,-103.2379488,33.61208497,145,145,226,226,157,157,161,208,166,166,137,139,210,212,223,223,100,100,171,171,232,237
QH-E-4-14,E-4-,-103.2380706,33.61219041,148,148,226,226,179,179,204,204,166,166,137,137,212,212,223,223,100,990,169,169,232,246
QH-E-4-15,E-4-,-103.2389878,33.61298442,148,148,226,226,0,0,161,204,166,175,137,137,0,0,223,223,100,100,160,169,235,232
QH-E-4-16,E-4-,-103.239171,33.61314304,148,148,226,226,0,0,161,204,166,175,137,137,0,0,223,223,100,100,160,169,235,232
QH-E-4-17,E-4-,-103.2393267,33.61327782,148,146,226,226,179,165,161,204,0,0,137,139,210,201,223,223,100,960,168,160,232,236
QH-E-4-18,E-4-,-103.2393918,33.61341491,148,146,226,226,179,165,161,204,0,0,137,139,210,201,223,223,100,960,168,160,232,236
QH-E-4-19,E-4-,-103.2394596,33.61347359,148,146,226,226,179,165,161,204,0,0,137,139,210,201,223,223,100,960,168,160,232,236
QH-E-4-2,E-4-,-103.2364215,33.61076283,148,148,226,226,167,171,161,204,166,175,137,137,208,214,223,223,100,100,174,174,232,232
QH-E-4-3,E-4-,-103.2364893,33.61082151,148,148,226,226,157,157,204,207,166,175,137,137,0,0,223,225,100,980,168,168,0,0
QH-E-4-4,E-4-,-103.236645,33.6109563,148,146,226,226,169,157,161,204,166,175,137,137,201,201,225,225,100,990,168,168,232,232
QH-E-4-5,E-4-,-103.2369511,33.61122127,145,148,226,228,157,159,204,204,166,166,137,137,208,208,223,223,100,960,171,171,235,236
QH-E-4-6,E-4-,-103.2370453,33.61130288,145,148,226,228,157,159,204,204,166,166,137,137,208,208,223,223,100,960,171,171,235,236
QH-E-4-7,E-4-,-103.2371407,33.6113854,145,148,226,228,157,159,204,204,166,166,137,137,208,208,223,223,100,960,171,171,235,236
QH-E-4-8,E-4-,-103.2372159,33.61145049,145,148,226,228,157,159,204,204,166,166,137,137,208,208,223,223,100,960,171,171,235,236
QH-E-4-9,E-4-,-103.2373578,33.61157336,146,146,226,228,179,157,161,204,166,178,137,139,212,201,223,223,100,100,168,168,232,232
QH-E-5-1,E-5-,-100.2753586,35.90274641,148,148,226,228,157,157,204,204,166,175,137,137,210,210,223,223,100,123,169,159,235,232
QH-E-5-10,E-5-,-100.2748692,35.90304731,148,148,226,228,179,157,161,204,166,166,137,139,210,201,223,223,100,980,168,168,232,232
QH-E-5-11,E-5-,-100.274839,35.903026,148,148,226,228,179,157,161,204,166,166,137,139,210,201,223,223,100,980,168,168,232,232
QH-E-5-12,E-5-,-100.2747697,35.90305739,148,148,226,228,179,157,161,204,166,166,137,139,210,201,223,223,100,980,168,168,232,232
QH-E-5-13,E-5-,-100.2747665,35.90306824,145,148,226,232,179,157,161,208,166,171,137,139,210,203,223,223,980,102,168,173,232,232
QH-E-5-14,E-5-,-100.2746943,35.90305368,148,148,226,228,179,157,161,204,166,166,137,139,210,201,223,223,100,980,168,168,232,232
QH-E-5-15,E-5-,-100.2746943,35.90305368,148,148,226,226,169,179,161,206,166,175,137,137,201,201,223,223,100,980,168,168,235,232
QH-E-5-16,E-5-,-100.2745505,35.90307414,148,148,226,226,179,167,204,204,166,166,137,139,210,212,223,223,100,980,168,160,232,232
QH-E-5-17,E-5-,-100.2745625,35.90305778,148,148,226,226,179,167,204,204,166,166,137,139,210,212,223,223,100,980,168,160,232,232
QH-E-5-18,E-5-,-100.2745699,35.90303787,148,148,226,226,179,167,204,204,166,166,137,139,210,212,223,223,100,980,168,160,232,232
QH-E-5-19,E-5-,-100.2745758,35.9032704,148,148,226,228,169,157,161,204,166,166,137,137,201,199,223,223,100,980,169,169,232,252
QH-E-5-2,E-5-,-100.275288,35.902767,148,146,226,226,179,157,161,161,166,166,137,137,201,201,223,223,100,980,162,164,232,220
QH-E-5-20,E-5-,-100.2745468,35.90325809,148,148,226,226,157,167,161,204,166,166,137,139,201,201,223,223,980,980,168,168,232,231
QH-E-5-21,E-5-,-100.2744489,35.90323389,148,148,226,226,157,167,161,204,166,166,137,139,201,201,223,223,980,980,168,168,232,231
QH-E-5-23,E-5-,-100.275548,35.90246492,148,148,226,226,179,163,204,204,166,166,137,137,210,208,223,223,100,980,169,159,235,232
QH-E-5-24,E-5-,-100.2755193,35.90246974,148,148,226,226,179,163,204,204,166,166,137,137,210,208,223,223,100,980,169,159,235,232
QH-E-5-25,E-5-,-100.2753749,35.90245144,148,148,226,226,157,157,161,161,166,184,137,139,212,201,223,223,100,980,168,168,232,220
QH-E-5-26,E-5-,-100.2753317,35.90217242,148,148,228,232,179,179,161,204,166,175,137,137,201,201,223,223,100,100,169,169,232,237
QH-E-5-27,E-5-,-100.2753299,35.90213007,148,148,228,232,179,179,161,204,166,175,137,137,201,201,223,223,100,100,169,169,232,237
QH-E-5-28,E-5-,-100.2751944,35.90217929,148,148,226,228,179,157,161,161,166,175,137,137,201,201,223,223,100,980,169,169,235,232
QH-E-5-29,E-5-,-100.276402,35.90361433,148,146,226,224,157,157,204,204,166,175,137,139,201,203,223,223,100,121,159,159,235,236
QH-E-5-3,E-5-,-100.2752201,35.9028146,145,148,226,226,157,165,204,206,166,175,137,139,210,214,225,225,100,100,168,168,232,229
QH-E-5-30,E-5-,-100.2764024,35.90364137,148,146,226,224,157,157,204,204,166,175,137,139,201,203,223,223,100,121,159,159,235,236
QH-E-5-31,E-5-,-100.2763719,35.90365204,148,148,226,226,157,157,204,208,166,175,137,137,201,203,223,223,100,100,159,159,235,220
QH-E-5-32,E-5-,-100.2763723,35.90367908,148,146,0,0,160,157,204,206,170,176,137,137,196,201,223,215,100,100,166,166,235,236
QH-E-5-33,E-5-,-100.2774168,35.90256586,148,146,226,228,157,165,208,208,166,175,137,137,210,220,223,223,100,100,162,152,235,232
QH-E-5-4,E-5-,-100.2751642,35.90285215,148,148,226,228,179,157,161,204,166,166,137,139,210,201,223,223,100,980,168,168,232,232
QH-E-5-5,E-5-,-100.2752908,35.90280303,145,148,226,226,157,165,204,206,166,175,137,139,210,214,225,225,100,100,168,168,232,229
QH-E-5-6,E-5-,-100.2752966,35.9028201,145,148,226,226,157,165,204,206,166,175,137,139,210,214,225,225,100,100,168,168,232,229
QH-E-5-7,E-5-,-100.2750854,35.9029152,148,148,226,228,179,157,161,204,166,166,137,139,210,201,223,223,100,980,168,168,232,232
QH-E-5-8,E-5-,-100.2750318,35.90295724,148,148,226,228,179,157,161,204,166,166,137,139,210,201,223,223,100,980,168,168,232,232
QH-E-5-9,E-5-,-100.2749351,35.90300965,148,148,226,228,179,157,161,204,166,166,137,139,210,201,223,223,100,980,168,168,232,232
QH-E-6-1,E-6-,-100.1768678,35.44468101,148,148,228,228,157,171,161,209,166,166,137,137,208,203,223,225,100,100,168,175,232,232
QH-E-6-10,E-6-,-100.1759193,35.44469025,148,148,226,226,169,155,161,204,166,166,137,137,210,212,223,225,100,960,169,169,235,235
QH-E-6-11,E-6-,-100.1758686,35.44469075,146,146,226,228,179,157,161,204,175,170,137,137,210,212,224,224,100,100,168,168,232,232
QH-E-6-13,E-6-,-100.1756692,35.44469269,145,148,226,218,179,165,161,161,166,175,137,139,210,212,225,225,100,980,169,171,235,237
QH-E-6-14,E-6-,-100.1755194,35.44469415,148,148,226,216,169,159,161,217,166,169,137,137,212,203,223,215,980,121,166,177,235,232
QH-E-6-15,E-6-,-100.1755095,35.44469425,148,148,226,216,169,159,161,217,166,169,137,137,212,203,223,215,980,121,166,177,235,232
QH-E-6-2,E-6-,-100.176718,35.44468247,148,146,226,226,169,157,161,204,175,175,137,139,208,203,223,225,100,100,168,168,235,232
QH-E-6-3,E-6-,-100.1766684,35.44468295,148,146,226,226,157,157,217,219,175,170,137,137,201,214,225,225,100,980,169,174,235,239
QH-E-6-4,E-6-,-100.1765186,35.44468442,148,148,226,226,169,157,204,211,175,175,137,137,212,212,225,225,100,100,177,177,235,241
QH-E-6-5,E-6-,-100.1764679,35.44468491,148,148,226,226,169,157,204,211,175,175,137,137,212,212,225,225,100,100,177,177,235,241
QH-E-6-6,E-6-,-100.1763181,35.44468637,145,148,226,226,157,155,161,204,166,166,137,137,210,216,278,278,100,980,171,171,235,235
QH-E-6-7,E-6-,-100.1762685,35.44468685,145,148,228,220,165,175,161,204,166,166,137,137,203,203,223,223,100,980,168,175,235,232
QH-E-6-8,E-6-,-100.1761187,35.44468831,148,146,228,230,179,175,204,215,175,184,137,137,196,210,223,223,100,100,169,175,232,232
QH-E-6-9,E-6-,-100.1760691,35.44468879,148,146,228,230,179,175,204,215,175,184,137,137,196,210,223,223,100,100,169,175,232,232
QH-E-7-1,E-7-,-99.92558344,35.76709137,148,148,226,214,169,157,161,206,166,175,137,155,212,201,223,223,100,980,168,168,220,246
QH-E-7-10,E-7-,-99.92591543,35.76566912,145,145,226,228,157,157,161,208,175,175,137,137,210,201,223,223,960,980,170,170,235,220
QH-E-7-11,E-7-,-99.92591495,35.76562825,145,145,226,228,157,157,161,208,175,175,137,137,210,201,223,223,960,980,170,170,235,220
QH-E-7-12,E-7-,-99.92591448,35.76558738,145,145,226,228,157,157,161,208,175,175,137,137,210,201,223,223,960,980,170,170,235,220
QH-E-7-13,E-7-,-99.92591401,35.76554652,145,145,226,228,157,157,161,208,175,175,137,137,210,201,223,223,960,980,170,170,235,220
QH-E-7-14,E-7-,-99.92591353,35.76550564,145,145,226,228,157,157,161,208,175,175,137,137,210,201,223,223,960,980,170,170,235,220
QH-E-7-15,E-7-,-99.92591306,35.76546478,145,145,226,228,157,157,161,208,175,175,137,137,210,201,223,223,960,980,170,170,235,220
QH-E-7-16,E-7-,-99.92591258,35.76542391,145,145,226,228,157,157,161,208,175,175,137,137,210,201,223,223,960,980,170,170,235,220
QH-E-7-17,E-7-,-99.9255031,35.76521758,142,161,226,228,157,159,204,204,175,175,135,137,201,201,223,223,100,980,168,176,235,220
QH-E-7-18,E-7-,-99.92550216,35.76513585,145,145,226,226,155,165,161,204,175,175,137,137,201,201,225,225,100,980,168,168,235,231
QH-E-7-19,E-7-,-99.92550121,35.76505412,148,161,216,216,169,179,204,208,166,175,135,137,196,206,223,223,100,980,172,174,232,236
QH-E-7-2,E-7-,-99.92558278,35.76703416,146,146,226,226,179,179,202,207,166,175,137,139,208,203,223,223,100,100,169,171,232,232
QH-E-7-20,E-7-,-99.92550026,35.76497238,145,161,226,228,169,155,161,161,175,175,137,137,202,196,223,223,100,100,169,175,220,220
QH-E-7-21,E-7-,-99.92549932,35.76489065,148,161,226,226,169,157,161,204,166,175,137,137,201,207,223,223,100,100,168,175,232,220
QH-E-7-22,E-7-,-99.92549837,35.76480892,145,161,226,226,169,157,161,204,175,175,137,137,202,201,223,225,100,100,167,175,220,220
QH-E-7-23,E-7-,-99.92549742,35.76472719,145,161,226,224,169,157,161,204,175,175,137,137,202,201,223,225,100,100,167,175,220,220
QH-E-7-24,E-7-,-99.92549648,35.76464545,145,161,226,226,169,157,161,204,175,175,137,137,202,201,223,225,100,100,167,175,220,220
QH-E-7-25,E-7-,-99.92549553,35.76456372,145,161,226,226,169,157,161,204,176,176,137,137,202,201,223,225,100,100,167,175,220,220
QH-E-7-26,E-7-,-99.92549458,35.76448198,146,146,226,224,157,171,161,204,166,175,137,137,202,212,223,223,100,980,168,175,232,220
QH-E-7-27,E-7-,-99.92549364,35.76440025,146,161,226,228,169,169,161,161,175,161,137,137,202,196,223,215,100,100,169,174,220,220
QH-E-7-3,E-7-,-99.92558212,35.76697694,145,145,0,0,157,165,204,204,166,169,137,155,212,207,223,223,100,100,168,168,235,235
QH-E-7-4,E-7-,-99.92558145,35.76691973,145,145,0,0,157,165,204,204,166,169,137,155,212,207,223,223,100,100,168,168,235,235
QH-E-7-5,E-7-,-99.92558079,35.76686252,148,146,0,0,169,157,161,204,175,169,137,137,212,214,223,225,100,960,168,168,235,232
QH-E-7-6,E-7-,-99.92558013,35.7668053,148,146,0,0,157,171,161,161,166,169,137,137,208,214,223,225,100,960,169,167,235,232
QH-E-7-7,E-7-,-99.92557947,35.76674809,148,146,0,0,157,171,161,161,166,169,137,137,208,214,223,225,100,960,169,167,235,232
QH-E-7-8,E-7-,-99.92591637,35.76575085,145,145,226,228,157,157,161,208,175,170,137,137,210,201,223,223,960,980,170,170,235,220
QH-E-7-9,E-7-,-99.9259159,35.76570998,145,145,226,228,157,157,161,208,175,175,137,137,210,201,223,223,960,980,170,170,235,220
QH-E-8-1,E-8-1,-99.81718599,35.79432062,145,146,226,226,160,163,202,202,166,175,137,141,208,208,223,223,100,960,168,168,232,241
QH-E-8-10,E-8-1,-99.81693464,35.79495525,145,148,226,226,179,165,161,161,175,178,137,137,210,205,223,225,100,100,162,162,235,232
QH-E-8-11,E-8-1,-99.81689339,35.79503397,145,148,226,226,179,165,161,161,175,178,137,137,210,205,223,225,100,100,169,169,235,232
QH-E-8-12,E-8-1,-99.81685351,35.79513792,148,148,226,226,169,157,206,208,166,175,137,137,212,212,223,223,100,100,169,169,235,220
QH-E-8-13,E-8-1,-99.81684082,35.79519481,148,148,226,226,169,157,206,208,166,175,137,137,212,212,223,223,100,100,169,169,235,220
QH-E-8-14,E-8-1,-99.81673454,35.79529922,148,146,226,200,179,157,204,208,166,175,137,137,196,201,223,223,100,100,169,170,232,220
QH-E-8-15,E-8-1,-99.81663856,35.79532872,148,146,226,226,167,171,161,204,175,184,137,137,196,214,223,223,100,100,168,168,235,232
QH-E-8-16,E-8-1,-99.81653472,35.79534655,145,148,226,228,157,171,204,208,175,184,137,137,216,216,223,223,100,990,169,167,232,220
QH-E-8-17,E-8-1,-99.81650593,35.79534495,145,148,226,228,157,171,204,208,175,184,137,137,216,216,223,223,100,990,169,167,232,220
QH-E-8-18,E-8-1,-99.81768761,35.79478334,145,148,226,230,157,155,0,0,166,175,137,137,210,201,223,223,100,100,160,169,232,246
QH-E-8-2,E-8-1,-99.81714956,35.79432898,145,148,226,218,157,165,161,161,166,178,137,137,212,201,223,223,100,960,168,171,232,220
QH-E-8-3,E-8-1,-99.81716055,35.7943217,145,145,226,228,155,165,204,205,166,175,137,137,201,201,223,225,100,100,168,164,220,229
QH-E-8-4,E-8-1,-99.81711273,35.79440677,145,148,226,226,157,155,161,209,166,175,137,137,198,198,224,224,100,100,168,171,220,220
QH-E-8-5,E-8-1,-99.81708322,35.79444303,145,148,226,226,157,155,161,209,166,175,137,137,198,198,224,224,100,100,168,171,220,220
QH-E-8-6,E-8-1,-99.81704294,35.79450822,145,148,226,226,157,155,161,209,166,175,137,137,198,198,224,226,100,100,168,171,220,220
QH-E-8-7,E-8-1,-99.81700369,35.79456529,148,142,226,226,157,159,161,208,175,175,137,137,208,207,223,223,960,980,169,167,232,220
QH-E-8-8,E-8-1,-99.81692186,35.79467945,148,148,226,228,169,171,204,200,166,175,137,141,202,202,223,223,100,100,168,168,229,237
QH-E-8-9,E-8-1,-99.81696396,35.79479276,148,148,226,226,169,171,161,204,166,166,137,137,208,206,223,223,100,960,169,167,235,232
QH-E-8-20,E-8-2,-99.87111252,35.77386441,145,148,226,226,157,155,204,204,166,175,137,139,216,216,223,223,100,980,160,167,235,232
QH-E-8-21,E-8-2,-99.8710334,35.77391367,148,148,226,226,169,157,161,204,175,175,139,139,196,216,223,223,100,100,167,171,232,232
QH-E-8-22,E-8-2,-99.87095957,35.77394035,148,146,228,220,157,165,161,204,166,175,137,137,196,201,223,223,100,960,168,168,232,232
QH-E-8-23,E-8-2,-99.87086334,35.77394285,148,146,228,220,157,165,161,204,166,175,137,137,196,201,223,223,100,960,168,168,232,232
QH-E-8-24,E-8-2,-99.87077256,35.7739372,148,146,226,226,179,157,204,208,166,175,137,137,210,210,225,225,100,980,169,159,235,232
QH-E-8-25,E-8-2,-99.87071666,35.77398539,146,146,228,228,157,157,204,204,166,175,137,139,212,201,223,223,100,100,169,167,232,220
QH-E-8-26,E-8-2,-99.87067482,35.77400372,146,146,228,228,157,157,204,204,166,175,137,139,212,201,223,223,100,100,169,167,232,220
QH-E-8-27,E-8-2,-99.87039768,35.77374968,148,148,226,226,157,157,161,161,166,166,137,137,196,216,223,255,100,100,169,169,232,232
QH-E-8-28,E-8-2,-99.8703215,35.77376465,145,148,226,226,157,157,161,161,166,175,137,137,210,201,223,223,100,100,171,171,232,232
QH-E-8-29,E-8-2,-99.87028826,35.77376039,145,148,226,226,157,157,161,161,166,175,137,137,210,201,223,223,100,100,171,171,232,232
QH-E-8-30,E-8-2,-99.87021198,35.77376545,148,148,226,226,179,157,161,204,175,175,137,137,201,201,225,225,100,100,168,168,232,232
QH-E-AUX2-1,E-AUX2,-103.2323785,33.37290208,145,145,226,226,157,155,161,161,166,166,137,137,216,208,223,223,100,100,168,168,235,236
QH-E-AUX2-2,E-AUX2,-103.2323166,33.37298777,145,145,226,226,157,155,161,161,166,166,137,137,216,208,223,223,100,100,168,168,235,236
QH-E-AUX2-3,E-AUX2,-103.2322105,33.37313326,145,148,226,226,157,157,161,204,175,175,137,137,205,205,223,223,100,980,168,167,235,232
QH-E-AUX2-4,E-AUX2,-103.2320682,33.37331069,148,146,226,226,179,171,161,204,175,175,137,139,212,208,223,223,100,100,160,169,235,232
QH-E-AUX5-1,E-AUX5-,-103.0479685,33.09685172,145,148,226,226,157,157,161,204,175,175,137,137,203,203,223,223,100,100,168,168,232,220
QH-E-AUX5-10,E-AUX5-,-103.0487669,33.0964539,148,148,226,226,179,157,204,204,175,175,137,137,218,203,225,225,100,100,168,160,235,232
QH-E-AUX5-11,E-AUX5-,-103.0488471,33.09641097,148,148,226,226,179,157,204,204,175,175,137,137,218,203,225,225,100,100,168,160,235,232
QH-E-AUX5-2,E-AUX5-,-103.0480561,33.09681521,148,146,226,224,157,157,161,204,175,175,137,137,203,203,223,223,100,100,168,168,232,220
QH-E-AUX5-3,E-AUX5-,-103.0481383,33.09677773,148,148,226,226,179,157,161,161,166,175,137,137,199,199,223,223,960,980,169,169,232,236
QH-E-AUX5-4,E-AUX5-,-103.0482166,33.09672484,148,148,226,226,179,157,161,161,166,175,137,137,199,199,223,223,960,980,169,169,232,236
QH-E-AUX5-5,E-AUX5-,-103.0483172,33.09668403,145,148,226,226,157,157,204,204,166,175,137,137,205,234,223,225,100,100,169,169,235,232
QH-E-AUX5-6,E-AUX5-,-103.0483898,33.09664639,145,148,226,226,157,157,204,204,166,175,137,137,205,234,223,225,100,100,169,169,235,232
QH-E-AUX5-7,E-AUX5-,-103.0484753,33.09660445,145,148,226,226,157,157,204,204,166,175,137,137,205,234,223,225,100,100,169,169,235,232
QH-E-AUX5-8,E-AUX5-,-103.0486011,33.09653968,145,148,228,228,157,157,161,204,175,175,137,137,201,201,223,223,100,100,167,159,235,229
QH-E-AUX5-9,E-AUX5-,-103.0486824,33.09649586,145,148,228,228,157,157,161,204,175,175,137,137,201,201,223,223,100,100,167,159,235,229
QH-E-AUX8-10,E-AUX8-,-100.1119847,35.36099272,145,148,226,216,157,157,161,202,175,175,137,137,201,208,223,223,100,100,168,168,232,220
QH-E-AUX8-11,E-AUX8-,-100.1121501,35.43358269,148,148,226,226,179,179,208,208,166,175,137,137,201,208,223,223,100,100,168,168,220,220
QH-E-AUX8-12,E-AUX8-,-100.1121501,35.43358269,148,148,226,214,179,163,161,202,175,169,137,137,201,208,223,223,100,100,171,166,235,232
QH-E-AUX8-13,E-AUX8-,-100.1121563,35.43403345,146,146,226,224,160,165,206,202,175,175,137,137,212,206,223,223,100,960,169,159,235,220
QH-E-AUX8-3,E-AUX8-,-100.1118345,35.36103407,148,146,226,226,157,167,161,204,166,175,137,137,196,206,223,223,100,990,171,171,235,220
QH-E-AUX8-4,E-AUX8-,-100.1118338,35.36098503,148,146,226,226,157,167,161,204,166,175,137,137,0,0,223,223,100,990,171,171,235,220
QH-E-AUX8-5,E-AUX8-,-100.1118331,35.360936,146,161,226,226,157,157,161,202,178,169,137,137,201,201,223,223,100,100,169,171,232,232
QH-E-AUX8-6,E-AUX8-,-100.1118326,35.36089922,146,161,226,226,157,157,161,202,178,169,137,137,201,201,223,223,100,100,169,171,232,232
QH-E-AUX8-7,E-AUX8-,-100.1118315,35.36081748,146,146,226,228,157,159,204,204,175,178,137,137,212,201,225,225,100,121,168,171,232,231
QH-E-AUX8-8,E-AUX8-,-100.1118307,35.36076026,146,146,226,228,157,159,204,204,175,178,137,137,212,201,225,225,100,121,168,171,232,231
QH-E-AUX8-9,E-AUX8-,-100.1119852,35.36103359,145,148,226,216,157,157,161,202,175,175,137,137,201,208,223,223,100,100,168,168,232,220
QH-E-BAZ46-1,E_BAZ_46,-103.02143,31.55394,144,148,226,226,157,179,204,204,166,175,137,137,201,212,0,0,98,100,170,170,220,235
QH-E-BAZ46-2,E_BAZ_46,-103.02177,31.55388,144,148,226,226,157,179,204,204,166,175,137,137,201,212,0,0,98,100,170,170,220,235
QH-E-BAZ46-3,E_BAZ_46,-103.02914,31.55177,144,144,228,228,165,167,208,208,175,175,137,137,206,206,223,223,98,100,168,170,232,236
QH-E-BAZ46-4,E_BAZ_46,-103.02918,31.55162,144,144,228,228,165,167,208,208,175,175,137,137,0,0,223,223,98,100,168,170,232,236
QH-E-BAZ46-5,E_BAZ_46,-103.02943,31.55155,144,148,226,228,169,179,204,208,166,166,137,137,206,212,225,225,100,100,168,168,232,232
QH-E-BAZ46-6,E_BAZ_46,-103.0434,31.54726,0,0,0,0,0,0,0,0,0,0,0,0,0,0,223,223,100,100,168,168,220,232
QH-E-BAZ46-7,E_BAZ_46,-103.04378,31.54718,144,148,0,0,157,179,161,161,166,175,137,137,196,206,223,223,96,96,164,164,232,232
QH-E-BAZ46-8,E_BAZ_46,-103.04453,31.54692,0,0,0,0,0,0,0,0,0,0,137,137,201,204,223,223,100,100,168,168,220,232
QH-E-BAZ46-9,E_BAZ_46,-103.04469,31.54689,144,148,218,226,157,163,161,208,175,178,137,137,0,0,0,0,100,100,168,168,220,252
QH-E-IMP-1,E_IMP,-102.62246,31.40127,144,148,226,226,0,0,161,204,178,178,137,137,206,206,215,223,96,100,170,170,220,232
QH-E-IMP-10,E_IMP,-102.624133,31.405816,144,144,226,226,167,179,161,161,175,178,137,139,204,204,223,223,100,100,170,170,232,235
QH-E-IMP-11,E_IMP,-102.624133,31.406691,144,148,226,226,157,159,161,161,166,175,137,137,198,198,223,223,100,100,170,170,232,235
QH-E-IMP-12,E_IMP,-102.62429,31.407118,144,144,226,226,155,167,204,204,175,175,137,137,196,196,223,225,100,100,170,170,232,232
QH-E-IMP-13,E_IMP,-102.625242,31.410159,148,148,226,226,157,179,161,204,169,175,137,137,201,201,223,223,98,100,168,168,232,232
QH-E-IMP-14,E_IMP,-102.626533,31.41433,144,148,226,226,157,157,204,204,175,175,137,137,208,208,225,225,96,98,168,168,232,236
QH-E-IMP-15,E_IMP,-102.62681,31.41511,148,148,228,228,157,173,161,161,166,166,137,137,208,208,223,225,98,100,168,168,232,232
QH-E-IMP-16,E_IMP,-102.630304,31.426272,148,148,226,226,157,179,208,208,166,175,137,137,201,212,223,223,100,100,160,170,231,235
QH-E-IMP-17,E_IMP,-102.630304,31.426272,148,160,226,226,169,171,161,204,166,175,135,137,201,201,223,223,100,100,160,160,232,235
QH-E-IMP-2,E_IMP,-102.62246,31.40127,144,148,226,228,157,169,161,204,166,175,137,137,210,210,223,223,100,100,170,170,232,232
QH-E-IMP-3,E_IMP,-102.62202,31.39991,144,148,226,226,157,157,161,204,166,166,137,137,212,212,223,223,100,100,168,168,232,235
QH-E-IMP-4,E_IMP,-102.62194,31.399667,148,152,226,226,161,161,165,204,169,169,137,137,212,212,223,223,100,100,168,168,232,235
QH-E-IMP-5,E_IMP,-102.62194,31.399646,144,144,226,228,165,179,161,204,166,166,137,137,204,208,223,223,100,100,160,170,231,236
QH-E-IMP-6,E_IMP,-102.62194,31.399646,144,144,226,226,157,157,204,204,166,175,137,137,196,212,223,225,100,100,0,0,235,246
QH-E-IMP-7,E_IMP,-102.6217,31.399738,144,144,226,228,155,179,204,204,166,175,137,137,212,212,225,225,96,100,168,168,232,236
QH-E-IMP-8,E_IMP,-102.632174,31.403507,148,148,218,226,157,179,161,204,166,175,137,137,210,212,0,0,98,100,168,168,220,235
QH-E-IMP-9,E_IMP,-102.623627,31.405043,144,148,226,226,0,0,161,204,166,175,0,0,196,208,223,223,100,100,168,168,232,235
QH-W-10-1,W-10-,-109.7249519,38.76172233,146,146,226,230,179,165,204,213,171,181,137,137,210,212,224,224,102,106,173,173,229,240
QH-W-10-11,W-10-,-109.7248477,38.76344144,146,146,228,220,179,177,204,215,181,181,137,137,205,204,223,223,102,114,170,173,229,229
QH-W-10-12,W-10-,-109.7246324,38.76383108,145,148,228,228,159,159,204,204,171,181,137,137,230,207,223,223,121,139,160,161,229,229
QH-W-10-13,W-10-,-109.7242469,38.76382687,148,148,226,228,159,177,204,204,181,181,137,137,212,207,223,223,121,127,171,161,229,229
QH-W-10-14,W-10-,-109.7241113,38.764075,145,148,228,228,159,159,204,204,171,181,137,137,230,207,223,223,121,139,160,161,229,229
QH-W-10-15,W-10-,-109.7257047,38.76404643,148,148,228,230,169,159,204,213,181,172,137,137,203,203,223,223,106,125,166,166,223,229
QH-W-10-16,W-10-,-109.7254573,38.764497,145,148,218,218,157,159,215,227,181,181,135,137,216,230,223,223,102,117,160,176,235,229
QH-W-10-17,W-10-,-109.7254495,38.76493756,146,146,218,218,169,171,204,215,181,172,137,137,206,206,223,223,102,125,160,175,235,229
QH-W-10-18,W-10-,-109.7262734,38.76494655,145,145,226,228,157,163,204,204,181,172,137,137,208,203,224,224,117,117,160,162,229,229
QH-W-10-19,W-10-,-109.7267528,38.76510857,148,146,226,218,159,165,215,227,170,181,137,137,212,212,223,223,117,110,160,160,229,228
QH-W-10-2,W-10-,-109.7247866,38.76202241,148,146,226,230,179,173,204,204,171,181,137,137,196,203,223,223,114,117,166,159,232,229
QH-W-10-20,W-10-,-109.7267225,38.76513076,148,146,226,218,159,165,215,227,170,181,137,137,212,212,223,223,117,110,160,160,229,228
QH-W-10-21,W-10-,-109.7265781,38.76541665,148,148,226,228,157,159,221,221,181,181,137,137,210,201,282,282,110,119,168,169,229,237
QH-W-10-22,W-10-,-109.7265833,38.7651226,148,148,226,228,157,159,221,221,181,181,137,137,210,201,282,282,110,119,168,169,229,237
QH-W-10-23,W-10-,-109.726421,38.76480398,148,148,226,228,157,159,221,221,181,181,137,137,210,201,282,282,110,119,168,169,229,237
QH-W-10-24,W-10-,-109.7264339,38.76407691,145,145,226,200,157,177,206,215,181,181,137,137,212,201,224,279,110,119,169,167,229,229
QH-W-10-25,W-10-,-109.7262308,38.76391249,145,145,226,200,157,177,206,215,181,181,137,137,212,201,224,279,110,119,169,167,229,229
QH-W-10-26,W-10-,-109.7262204,38.76391238,145,145,226,200,157,177,206,215,181,181,137,137,212,201,224,279,110,119,169,167,229,229
QH-W-10-27,W-10-,-109.7262277,38.76350425,148,146,226,226,169,159,206,215,170,181,137,137,208,203,223,223,110,119,160,162,229,237
QH-W-10-28,W-10-,-109.7272813,38.7634148,145,148,226,208,165,175,206,202,181,181,137,137,205,205,223,223,0,0,170,170,229,231
QH-W-10-29,W-10-,-109.7271267,38.76311124,148,148,218,208,157,165,206,202,175,175,137,155,205,207,278,278,117,119,168,170,231,252
QH-W-10-3,W-10-,-109.7250555,38.76211275,146,146,226,230,179,165,204,213,171,181,137,137,196,203,224,224,102,106,173,173,229,240
QH-W-10-30,W-10-,-109.7266786,38.7634533,148,146,226,226,179,185,206,215,171,171,137,139,196,212,221,221,102,110,160,167,237,247
QH-W-10-31,W-10-,-109.7262609,38.76344874,148,146,226,230,169,169,206,215,181,181,137,137,201,207,223,223,102,117,168,171,232,231
QH-W-10-4,W-10-,-109.7245689,38.76248321,148,148,226,238,173,177,204,213,181,181,137,137,230,203,224,224,121,117,169,159,223,229
QH-W-10-5,W-10-,-109.725173,38.76268624,148,146,226,226,165,177,204,204,171,181,137,137,212,208,223,223,930,110,168,160,229,237
QH-W-10-6,W-10-,-109.7248746,38.76244689,145,145,226,226,179,157,204,215,181,181,137,137,201,201,223,223,102,121,175,159,223,229
QH-W-10-7,W-10-,-109.7249324,38.7624286,146,146,226,218,157,165,204,215,181,181,137,137,212,201,223,223,0,0,168,175,223,229
QH-W-10-8,W-10-,-109.7248363,38.76239601,145,145,226,226,179,157,204,215,181,181,137,137,201,201,223,223,102,121,175,159,223,229
QH-W-2-1,W-2-,-109.6157041,36.92713785,145,148,228,232,159,163,204,213,181,181,137,137,210,210,225,225,112,133,160,166,220,231
QH-W-2-10,W-2-,-109.6143114,36.92598677,145,145,226,202,165,165,204,202,178,181,137,137,208,208,223,225,123,110,160,166,231,231
QH-W-2-11,W-2-,-109.6146032,36.92636515,148,148,228,204,171,173,204,204,171,171,137,137,205,205,223,225,117,127,170,164,229,252
QH-W-2-2,W-2-,-109.6156255,36.92707294,145,148,228,232,159,163,204,213,181,181,137,137,210,210,225,225,112,133,160,166,220,231
QH-W-2-3,W-2-,-109.6155481,36.92700894,148,148,218,232,159,159,204,202,181,181,137,137,210,210,223,225,119,133,167,167,220,220
QH-W-2-4,W-2-,-109.6154851,36.92695682,148,148,218,232,159,159,204,202,181,181,137,137,210,210,223,225,119,133,167,167,220,220
QH-W-2-5,W-2-,-109.6152893,36.926795,148,146,226,202,159,159,204,204,181,181,137,137,216,216,223,225,119,150,159,174,223,231
QH-W-2-6,W-2-,-109.6150935,36.92663317,146,146,218,218,165,167,204,204,176,181,137,137,207,207,223,225,110,110,166,159,229,229
QH-W-2-7,W-2-,-109.6149375,36.92650425,146,146,226,226,165,167,204,215,181,163,137,137,207,207,223,223,102,150,160,159,223,223
QH-W-2-8,W-2-,-109.6147815,36.92637534,146,146,226,226,165,167,204,215,181,163,137,137,207,207,223,223,102,150,160,159,223,223
QH-W-2-9,W-2-,-109.6145459,36.9261806,145,145,226,202,165,165,204,202,178,181,137,137,208,208,223,225,123,110,160,166,231,231
QH-W-3-1,W-3-,-110.132222,36.61936705,146,146,226,220,179,179,204,204,172,172,137,137,218,218,223,223,102,112,160,162,229,260
QH-W-3-10,W-3-,-110.1321278,36.6165709,0,0,226,232,179,167,204,204,171,181,137,137,216,216,223,223,102,930,167,161,229,252
QH-W-3-11,W-3-,-110.1321725,36.61670194,146,146,232,208,179,179,204,204,181,181,135,137,210,201,225,225,121,930,160,166,229,229
QH-W-3-12,W-3-,-110.1320853,36.61686807,146,146,226,228,157,163,204,204,181,181,137,137,218,216,223,223,102,102,168,168,229,229
QH-W-3-13,W-3-,-110.1300111,36.61757142,0,0,226,228,179,167,204,202,171,171,137,137,210,199,224,226,123,104,161,161,229,252
QH-W-3-14,W-3-,-110.1279528,36.61762849,145,148,232,200,163,173,204,213,171,181,137,137,203,199,223,223,121,930,166,175,229,229
QH-W-3-15,W-3-,-110.1279528,36.61762849,145,146,200,236,163,165,204,213,171,181,137,137,199,204,223,223,102,121,168,166,229,252
QH-W-3-16,W-3-,-110.1272032,36.61765906,146,146,224,232,167,167,204,204,171,181,137,137,196,196,223,223,102,114,160,169,229,229
QH-W-3-17,W-3-,-110.1271921,36.61765898,146,146,224,232,179,167,204,204,171,181,137,137,196,203,223,223,102,114,169,166,229,229
QH-W-3-18,W-3-,-110.1272178,36.6183533,145,146,224,220,163,165,204,204,171,181,137,137,204,204,223,223,102,930,168,160,229,229
QH-W-3-19,W-3-,-110.1272049,36.61949717,145,145,226,224,163,165,204,204,181,181,137,137,205,205,224,224,102,930,168,175,229,229
QH-W-3-2,W-3-,-110.1325402,36.61641795,146,146,224,220,179,179,204,215,181,181,137,137,212,212,223,223,102,104,160,160,229,252
QH-W-3-20,W-3-,-110.1266498,36.62055053,148,146,226,228,179,173,204,204,181,181,137,137,218,201,223,223,930,930,167,167,229,229
QH-W-3-21,W-3-,-110.1260415,36.62054607,146,146,226,228,179,165,204,204,169,172,137,137,205,199,223,223,102,102,168,161,235,229
QH-W-3-22,W-3-,-110.1270646,36.61973594,148,146,226,224,179,167,202,202,181,181,137,137,196,196,223,223,117,129,169,161,235,252
QH-W-3-23,W-3-,-110.1281843,36.62012005,146,146,226,194,179,179,204,204,169,181,137,137,208,208,223,223,102,102,168,173,235,229
QH-W-3-24,W-3-,-110.1288939,36.62012524,0,0,200,200,157,167,206,206,181,172,137,137,201,199,223,223,102,110,160,171,229,229
QH-W-3-25,W-3-,-110.1292624,36.61951313,146,146,226,200,179,165,206,206,181,181,137,137,199,199,223,223,117,117,161,176,229,229
QH-W-3-26,W-3-,-110.1296988,36.62038443,146,146,228,232,179,163,204,204,181,181,137,139,226,226,223,223,102,129,160,169,235,229
QH-W-3-27,W-3-,-110.1310118,36.62206805,146,146,228,210,179,179,204,204,171,181,137,137,196,212,223,223,102,930,159,159,229,229
QH-W-3-28,W-3-,-110.1310022,36.62292437,146,146,226,226,159,165,204,204,171,181,137,137,202,208,223,223,121,129,161,161,232,229
QH-W-3-29,W-3-,-110.1319431,36.62179538,146,146,226,210,179,165,204,204,181,181,135,137,208,208,223,223,102,102,160,166,232,229
QH-W-3-3,W-3-,-110.1325402,36.61641795,146,146,224,220,179,179,204,215,181,181,137,137,212,212,223,223,102,104,160,160,229,252
QH-W-3-30,W-3-,-110.1320258,36.61841547,148,148,208,208,173,173,204,213,171,181,137,137,212,199,223,223,117,117,168,159,223,229
QH-W-3-31,W-3-,-110.1330289,36.61731757,146,146,226,208,179,157,211,211,178,181,137,137,201,216,223,223,102,114,168,159,223,229
QH-W-3-32,W-3-,-110.1323057,36.61953443,146,146,228,244,179,157,204,239,181,181,137,137,208,205,223,223,102,110,168,160,229,252
QH-W-3-33,W-3-,-110.1320127,36.61894904,146,146,228,196,173,185,206,207,181,181,137,137,210,204,223,223,102,110,167,161,229,229
QH-W-3-4,W-3-,-110.1325402,36.61641795,146,146,224,220,179,179,204,215,175,181,137,137,212,212,223,223,102,104,160,160,229,252
QH-W-3-5,W-3-,-110.1323679,36.61641669,146,140,228,232,179,173,204,240,0,0,137,137,196,196,223,223,102,121,168,168,229,229
QH-W-3-6,W-3-,-110.1322784,36.61641604,146,146,228,232,179,179,204,240,169,181,137,137,196,196,223,223,102,121,168,168,229,229
QH-W-3-7,W-3-,-110.1322914,36.61647653,145,143,226,228,165,167,206,202,181,181,137,137,218,212,223,223,123,117,167,171,229,229
QH-W-3-8,W-3-,-110.1321712,36.61653696,0,0,226,228,165,167,206,202,181,181,137,137,218,212,223,223,123,117,167,171,229,229
QH-W-3-9,W-3-,-110.1321278,36.6165709,0,0,232,208,179,167,204,240,181,181,137,137,216,216,223,223,102,110,168,168,223,229
QH-W-4-1,W-4-,-111.9836996,37.09569348,146,143,238,240,157,181,204,206,169,169,137,137,210,207,223,223,102,117,170,174,229,241
QH-W-4-10,W-4-,-111.9840948,37.09614141,146,146,226,238,165,181,206,206,171,181,137,139,212,207,224,224,0,0,160,174,229,237
QH-W-4-2,W-4-,-111.9836999,37.09570982,146,143,238,240,157,181,204,206,169,169,137,137,210,207,223,223,102,117,170,174,229,241
QH-W-4-3,W-4-,-111.9837531,37.09591368,146,146,226,238,165,181,206,206,171,181,137,139,212,207,0,0,0,0,160,174,229,237
QH-W-4-4,W-4-,-111.9838073,37.09601,146,146,226,238,165,181,206,206,171,181,137,139,212,207,224,224,0,0,160,174,229,237
QH-W-4-5,W-4-,-111.983775,37.09603609,146,146,226,238,165,181,206,206,171,181,137,139,212,207,224,224,0,0,160,174,229,237
QH-W-4-6,W-4-,-111.9837755,37.09607694,146,146,226,238,165,181,206,206,171,181,137,139,212,207,224,224,0,0,160,174,229,237
QH-W-4-7,W-4-,-111.9837259,37.09615908,146,146,226,238,165,181,206,206,171,181,137,139,212,207,224,224,0,0,160,174,229,237
QH-W-4-8,W-4-,-111.9838779,37.09607609,146,146,226,238,165,181,206,206,171,181,137,139,212,207,224,224,0,0,160,174,229,237
QH-W-4-9,W-4-,-111.9840962,37.09624764,146,146,226,238,165,181,206,206,171,181,137,139,212,207,224,224,0,0,160,174,229,237
QH-W-5-1,W-5-,-111.5398826,36.78619707,145,148,222,222,169,167,204,219,171,181,137,139,212,201,223,223,123,110,160,163,223,252
QH-W-5-10,W-5-,-111.5384687,36.78783811,145,148,226,226,169,167,204,211,181,181,137,137,208,208,223,223,102,154,172,161,235,252
QH-W-5-11,W-5-,-111.53856,36.78769205,145,148,226,226,169,167,204,211,181,181,137,137,208,208,223,223,102,148,172,161,235,252
QH-W-5-12,W-5-,-111.5381313,36.78804074,148,146,226,218,159,185,204,207,171,181,137,137,203,228,223,223,102,121,160,160,232,229
QH-W-5-13,W-5-,-111.5376639,36.78804285,146,146,226,196,165,185,225,225,178,181,137,137,218,203,223,223,100,102,0,0,232,229
QH-W-5-14,W-5-,-111.5374387,36.78769689,146,146,226,226,185,183,204,206,171,181,137,137,201,203,223,223,121,158,160,164,232,229
QH-W-5-15,W-5-,-111.5373315,36.78778406,146,146,226,226,185,189,204,206,171,181,137,137,201,203,223,223,121,158,160,164,232,229
QH-W-5-16,W-5-,-111.537151,36.78823005,148,146,196,222,159,165,204,204,178,171,137,139,226,205,223,223,102,119,177,162,223,229
QH-W-5-17,W-5-,-111.5371517,36.78832812,148,146,196,222,159,165,204,204,178,171,137,139,226,205,223,223,102,119,177,162,223,229
QH-W-5-18,W-5-,-111.5374319,36.78832685,148,146,196,222,159,165,204,204,178,171,137,139,226,205,223,223,102,119,177,162,223,229
QH-W-5-19,W-5-,-111.5364037,36.78874726,145,148,226,230,163,163,204,204,169,181,137,137,210,207,223,225,102,930,168,160,229,252
QH-W-5-2,W-5-,-111.5396683,36.78637156,145,148,220,200,159,165,204,202,181,181,137,137,201,208,223,223,100,102,168,161,223,255
QH-W-5-20,W-5-,-111.5362608,36.78886349,145,148,226,222,163,173,204,206,169,169,137,137,205,203,223,223,102,102,168,168,229,241
QH-W-5-21,W-5-,-111.5401183,36.78623339,145,148,220,200,159,165,204,202,181,181,137,137,201,208,223,223,100,102,168,161,223,255
QH-W-5-22,W-5-,-111.5407279,36.78623062,145,146,230,202,169,169,204,213,171,181,137,137,201,208,223,223,121,117,166,166,223,229
QH-W-5-23,W-5-,-111.5412359,36.78622831,145,145,226,232,169,175,204,217,172,172,137,137,208,208,223,223,102,117,165,165,229,241
QH-W-5-24,W-5-,-111.5415049,36.78626495,146,146,226,234,167,167,204,204,171,181,137,137,208,203,223,223,117,117,160,172,252,258
QH-W-5-25,W-5-,-111.5420519,36.78627688,145,148,226,222,163,163,219,219,181,181,137,137,208,208,225,225,102,102,169,172,223,231
QH-W-5-26,W-5-,-111.5424755,36.78622267,146,146,226,226,163,165,204,225,184,170,137,137,208,208,0,0,102,102,167,163,229,258
QH-W-5-27,W-5-,-111.5427803,36.78622128,145,148,226,200,163,167,204,213,171,181,137,137,212,212,223,223,102,123,160,171,223,223
QH-W-5-28,W-5-,-111.5431549,36.78609426,148,146,226,222,179,159,204,224,181,181,135,137,196,224,223,223,117,110,159,174,229,258
QH-W-5-29,W-5-,-111.5396798,36.78619842,145,148,216,200,169,159,204,206,171,181,137,137,201,201,224,224,102,121,170,162,232,255
QH-W-5-3,W-5-,-111.539454,36.78654561,146,146,226,220,165,185,204,204,171,181,137,137,216,203,223,223,102,117,168,160,232,255
QH-W-5-30,W-5-,-111.5393901,36.78596806,146,143,230,206,165,183,204,204,178,181,137,137,208,207,223,223,102,102,166,161,252,252
QH-W-5-4,W-5-,-111.5394563,36.78687283,148,143,230,205,169,163,204,213,171,171,137,137,203,238,223,223,102,102,159,162,229,252
QH-W-5-5,W-5-,-111.5398654,36.78692867,146,146,226,226,165,181,204,204,171,181,137,137,220,220,224,224,102,102,160,162,229,229
QH-W-5-6,W-5-,-111.5393653,36.78733547,143,143,226,200,169,163,204,206,178,181,137,137,210,216,223,223,102,110,160,174,252,258
QH-W-5-7,W-5-,-111.5388652,36.78774228,145,143,226,200,169,163,204,206,178,181,137,137,210,216,223,223,102,110,160,174,252,258
QH-W-5-8,W-5-,-111.5383063,36.78774481,146,146,230,200,163,167,204,204,178,181,137,137,201,216,223,223,102,110,169,164,232,229
QH-W-5-9,W-5-,-111.5388831,36.78750105,148,148,226,226,163,163,204,206,181,172,137,137,210,212,223,223,102,102,164,163,229,252
QH-W-6-1,W-6-,-110.068672,37.06437197,146,146,228,230,179,179,204,204,169,181,135,137,212,205,223,223,121,119,160,159,229,229
QH-W-6-10,W-6-,-110.0645571,37.0656998,148,146,226,200,179,163,213,221,181,181,137,137,208,203,223,223,102,117,167,162,235,252
QH-W-6-11,W-6-,-110.0641787,37.06582211,145,148,228,222,165,167,204,206,181,181,135,137,199,220,223,223,121,119,160,162,235,229
QH-W-6-12,W-6-,-110.0638666,37.06592331,148,146,226,222,167,175,204,213,178,181,137,137,226,216,223,223,102,119,166,164,229,241
QH-W-6-13,W-6-,-110.0637247,37.06596907,145,145,226,226,173,173,204,204,181,181,137,137,196,196,278,278,123,119,166,166,229,229
QH-W-6-14,W-6-,-110.0636679,37.06598665,145,148,228,230,169,173,204,211,181,181,137,137,196,210,224,224,106,117,160,160,229,252
QH-W-6-15,W-6-,-110.0622491,37.06644506,145,148,226,230,157,189,204,206,171,181,137,137,210,212,223,223,102,154,168,160,229,229
QH-W-6-16,W-6-,-110.0620882,37.06649698,145,148,226,210,165,171,204,213,171,181,137,137,212,212,223,223,112,152,160,174,229,252
QH-W-6-17,W-6-,-110.0614734,37.06669493,146,146,226,228,169,165,204,204,171,171,137,137,214,204,223,223,123,110,169,157,229,229
QH-W-6-18,W-6-,-110.0612842,37.06675653,148,148,226,220,157,171,204,217,171,181,137,137,196,204,223,223,102,112,160,161,229,229
QH-W-6-2,W-6-,-110.0681045,37.06455501,145,145,226,208,165,181,204,204,181,181,137,137,216,208,223,223,117,110,160,174,223,252
QH-W-6-20,W-6-,-110.0608368,37.06681608,145,148,226,230,167,177,204,213,178,181,137,137,210,216,278,278,102,123,160,160,235,231
QH-W-6-21,W-6-,-110.0601039,37.06778379,146,146,220,222,179,157,204,204,181,181,137,137,218,220,223,223,102,102,160,160,229,229
QH-W-6-22,W-6-,-110.0590917,37.06811018,146,146,226,194,179,163,204,219,181,181,137,139,210,206,224,278,102,119,166,170,229,229
QH-W-6-23,W-6-,-110.0587133,37.06823248,145,148,226,200,173,189,215,213,169,169,137,137,207,207,223,223,102,117,168,160,235,229
QH-W-6-24,W-6-,-110.0584295,37.06832397,146,146,226,202,179,165,215,215,171,181,137,137,210,210,223,223,102,114,160,160,229,229
QH-W-6-25,W-6-,-110.0580421,37.06832089,146,146,226,222,155,165,204,213,171,181,137,137,196,196,223,223,117,119,168,166,229,260
QH-W-6-26,W-6-,-110.0577361,37.06831846,146,146,226,222,163,165,204,213,171,181,137,137,210,210,225,225,112,170,160,172,255,224
QH-W-6-27,W-6-,-110.0571243,37.0683136,157,157,226,226,157,157,204,204,181,181,137,137,210,210,224,278,102,102,160,156,229,252
QH-W-6-28,W-6-,-110.0569713,37.06831238,157,157,226,226,157,157,204,204,181,181,137,137,210,210,224,278,102,102,160,156,229,252
QH-W-6-29,W-6-,-110.0568694,37.06831157,157,157,226,226,157,157,204,204,181,181,137,137,210,210,224,278,102,102,160,156,229,252
QH-W-6-3,W-6-,-110.0678113,37.06465005,145,145,226,226,157,165,206,213,171,181,137,137,208,205,223,223,102,102,168,164,223,229
QH-W-6-30,W-6-,-110.0565635,37.06830914,145,148,226,228,165,171,204,204,171,181,137,137,218,204,223,223,114,131,159,159,235,252
QH-W-6-31,W-6-,-110.0570633,37.06806613,146,146,226,226,157,165,204,215,181,181,137,139,210,205,223,223,102,119,156,156,229,252
QH-W-6-32,W-6-,-110.0655769,37.06635775,148,148,228,200,157,163,204,213,171,171,137,137,212,212,223,223,102,102,160,159,229,229
QH-W-6-33,W-6-,-110.0655736,37.06662815,145,148,228,200,157,157,204,213,169,181,137,137,212,214,278,278,102,102,170,172,229,229
QH-W-6-34,W-6-,-110.0682638,37.06436877,146,146,218,220,179,187,204,204,171,181,137,137,212,214,223,223,106,106,168,160,229,229
QH-W-6-35,W-6-,-110.0678364,37.06436541,145,148,228,232,165,189,204,204,169,181,137,139,216,216,223,223,117,112,166,159,234,229
QH-W-6-4,W-6-,-110.0671491,37.06486389,145,145,228,230,163,165,204,204,181,181,137,137,210,222,223,223,102,119,160,174,229,229
QH-W-6-5,W-6-,-110.0670448,37.06489732,148,148,226,200,157,173,204,215,181,181,137,137,196,248,223,223,119,119,174,174,229,229
QH-W-6-7,W-6-,-110.0657206,37.06532498,146,146,226,226,157,165,204,206,170,181,137,137,196,212,223,223,102,930,160,164,229,229
QH-W-6-8,W-6-,-110.0654084,37.06542528,145,145,226,230,163,165,204,204,171,181,137,137,218,222,278,278,102,102,161,164,229,252
QH-W-6-9,W-6-,-110.0649355,37.06557839,145,146,226,228,157,175,213,213,171,181,137,137,230,204,224,224,121,106,162,162,234,223
QH-W-7-1,W-7-,-109.9730905,37.23394393,145,148,226,200,163,165,204,204,181,181,137,137,216,208,223,223,102,110,167,166,229,252
QH-W-7-10,W-7-,-109.9678245,37.23239286,146,146,226,220,179,171,204,206,171,181,137,137,210,210,223,223,102,117,160,160,241,247
QH-W-7-11,W-7-,-109.9668239,37.23157515,146,146,226,218,163,167,206,206,171,181,137,137,208,208,219,219,119,119,168,166,229,252
QH-W-7-12,W-7-,-109.9683362,37.23124357,146,146,226,226,171,171,204,206,178,171,137,137,196,196,223,223,102,112,168,174,229,229
QH-W-7-13,W-7-,-109.9690317,37.23148105,146,146,220,220,157,159,204,204,178,181,137,137,214,214,223,223,119,146,168,160,229,241
QH-W-7-14,W-7-,-109.9697035,37.23202975,146,146,228,230,181,181,204,204,172,172,137,137,224,224,223,223,114,112,160,160,229,247
QH-W-7-15,W-7-,-109.9697392,37.23205891,146,146,222,222,179,159,204,204,181,181,137,137,224,224,223,223,102,112,160,174,229,252
QH-W-7-16,W-7-,-109.9706307,37.23177281,146,146,226,226,179,171,204,206,171,181,137,137,224,224,223,223,119,146,168,160,229,229
QH-W-7-17,W-7-,-109.9708717,37.23158472,146,146,226,226,165,165,204,206,171,181,137,137,218,208,224,224,117,119,160,167,229,229
QH-W-7-18,W-7-,-109.9718834,37.23159351,145,145,226,208,177,189,213,233,166,172,137,137,216,208,223,223,119,119,168,160,243,255
QH-W-7-19,W-7-,-109.9727369,37.23131878,145,145,230,218,179,157,204,211,181,187,137,137,208,206,224,224,121,117,160,160,229,229
QH-W-7-2,W-7-,-109.9726102,37.23393977,145,148,226,208,159,165,204,213,169,181,137,137,208,208,223,223,121,119,160,166,229,243
QH-W-7-20,W-7-,-109.9735749,37.23132605,148,146,230,200,159,167,208,211,178,181,137,137,202,202,223,223,102,139,160,160,229,252
QH-W-7-21,W-7-,-109.9738814,37.23132871,148,146,222,222,169,159,204,206,187,187,137,137,208,208,223,225,102,102,160,160,235,229
QH-W-7-22,W-7-,-109.9743818,37.23173776,145,148,226,228,159,187,204,213,171,181,137,137,203,222,278,278,102,110,160,167,235,229
QH-W-7-23,W-7-,-109.9751966,37.23240371,146,146,226,230,165,181,206,202,181,190,137,137,210,210,223,223,102,106,160,165,229,252
QH-W-7-24,W-7-,-109.9741968,37.23382733,146,151,226,222,165,171,204,206,181,174,137,137,212,212,223,223,119,112,160,167,232,229
QH-W-7-25,W-7-,-109.974193,37.23410514,148,148,220,200,159,165,204,206,178,181,137,137,216,203,223,223,102,102,160,167,231,252
QH-W-7-26,W-7-,-109.9740686,37.23433811,145,145,226,218,163,175,204,237,169,169,137,137,196,212,223,223,102,121,160,160,232,229
QH-W-7-27,W-7-,-109.9738185,37.2341337,146,146,200,222,163,171,204,206,169,187,137,137,208,220,223,223,102,102,167,166,235,252
QH-W-7-28,W-7-,-109.973708,37.2339138,146,151,226,222,165,171,204,206,171,181,137,137,208,208,223,223,112,112,167,167,229,229
QH-W-7-29,W-7-,-109.9732792,37.23356337,146,146,226,226,181,171,206,217,171,171,137,137,208,224,224,224,121,121,166,164,229,229
QH-W-7-3,W-7-,-109.9719868,37.23393436,148,151,226,202,159,165,206,223,171,181,137,137,212,206,224,278,102,117,160,167,229,229
QH-W-7-30,W-7-,-109.9731505,37.23345825,146,146,226,226,181,171,206,217,171,171,137,137,208,224,224,224,121,121,166,164,229,229
QH-W-7-31,W-7-,-109.9728646,37.23322463,145,145,226,226,165,189,206,233,169,181,137,137,216,203,223,223,102,123,167,167,229,229
QH-W-7-32,W-7-,-109.9728603,37.2335433,145,151,226,226,181,173,204,206,171,181,137,137,208,204,224,224,121,110,166,174,229,229
QH-W-7-4,W-7-,-109.971762,37.2339324,148,151,226,202,159,165,206,223,171,181,137,137,212,206,224,278,102,117,160,167,229,229
QH-W-7-5,W-7-,-109.9712306,37.23392779,148,146,226,226,159,171,204,204,181,187,137,137,208,208,223,223,121,146,168,165,229,241
QH-W-7-6,W-7-,-109.9709649,37.23392548,145,148,226,226,159,165,204,204,169,181,137,137,208,204,223,223,117,119,166,166,235,229
QH-W-7-7,W-7-,-109.9702904,37.23391962,148,148,226,202,157,159,206,213,181,181,137,137,212,208,223,223,102,110,168,167,229,241
QH-W-7-8,W-7-,-109.9694115,37.23391197,148,146,218,220,159,167,204,206,181,190,137,137,218,224,223,223,102,106,168,160,229,241
QH-W-7-9,W-7-,-109.9693553,37.23421795,148,146,226,220,179,159,204,202,181,172,137,137,208,208,223,223,102,117,160,166,229,241
QH-W-8-1,W-8-,-110.6018908,38.0652456,146,146,228,228,179,157,204,204,169,181,137,137,196,196,223,223,121,112,160,164,223,229
QH-W-8-10,W-8-,-110.6015533,38.06364536,146,146,230,200,179,165,204,215,171,181,135,137,218,212,223,223,102,139,160,171,223,252
QH-W-8-11,W-8-,-110.601957,38.06332893,145,148,228,230,157,165,215,213,171,181,137,137,210,216,225,225,102,117,160,172,235,237
QH-W-8-12,W-8-,-110.6018082,38.06304156,145,148,226,202,179,165,204,204,181,181,137,137,196,216,223,223,102,121,169,167,229,229
QH-W-8-13,W-8-,-110.6014808,38.06278045,145,145,226,200,165,165,215,213,181,181,137,137,218,196,224,278,102,112,167,171,237,252
QH-W-8-14,W-8-,-110.6012479,38.06259458,145,145,226,200,157,165,219,215,171,181,137,137,226,222,278,278,102,102,175,173,237,252
QH-W-8-15,W-8-,-110.6006951,38.06241155,145,148,230,200,157,165,219,213,181,181,137,137,196,222,278,278,102,123,171,173,223,252
QH-W-8-16,W-8-,-110.6005132,38.06226672,145,145,230,202,179,165,204,204,171,181,137,139,226,216,223,223,102,121,172,172,234,229
QH-W-8-17,W-8-,-110.6003411,38.06232202,145,145,230,202,179,165,204,204,171,181,137,139,226,216,223,223,102,121,172,172,234,229
QH-W-8-18,W-8-,-110.6007865,38.06288052,145,148,226,202,165,165,204,204,169,171,137,137,216,216,223,223,0,0,160,160,229,229
QH-W-8-19,W-8-,-110.6002432,38.06213332,146,146,226,202,157,165,204,213,171,181,137,137,208,228,219,219,121,121,160,172,234,229
QH-W-8-2,W-8-,-110.6022112,38.06524669,145,145,220,208,165,167,204,206,171,171,137,137,201,207,223,223,102,102,168,160,229,252
QH-W-8-20,W-8-,-110.5979012,38.06310502,146,146,226,228,169,165,204,202,169,181,137,137,196,216,223,225,102,112,160,170,229,229
QH-W-8-21,W-8-,-110.5977413,38.06340643,146,146,228,222,165,177,204,219,172,172,137,137,196,208,223,223,110,110,160,166,223,229
QH-W-8-22,W-8-,-110.5999481,38.06401328,148,148,230,220,159,159,204,204,181,181,137,137,212,216,223,223,121,121,168,166,229,222
QH-W-8-23,W-8-,-110.599946,38.06440548,146,146,228,200,169,179,208,208,171,181,137,137,196,212,278,278,114,110,160,173,229,240
QH-W-8-24,W-8-,-110.5999458,38.06444634,145,140,228,202,179,165,204,197,175,181,137,139,226,212,278,278,102,110,172,172,229,240
QH-W-8-25,W-8-,-110.6003096,38.06473647,145,148,228,230,157,171,202,202,171,171,135,135,210,210,223,223,102,102,171,171,252,240
QH-W-8-26,W-8-,-110.5999206,38.06504137,148,146,228,200,179,171,204,204,171,181,135,135,196,210,278,278,102,121,171,171,229,240
QH-W-8-27,W-8-,-110.599919,38.06534369,146,146,228,228,179,157,204,213,171,181,135,137,206,205,224,224,102,117,171,176,237,237
QH-W-8-28,W-8-,-110.6003193,38.06547639,146,146,228,222,157,157,204,204,171,181,137,137,196,212,0,0,102,112,170,159,229,241
QH-W-8-29,W-8-,-110.6001436,38.06547579,148,146,228,228,179,179,204,213,171,181,135,137,206,206,224,224,102,102,171,166,237,241
QH-W-8-3,W-8-,-110.6020938,38.06501982,148,146,230,200,157,159,204,204,171,181,137,137,201,201,223,223,102,110,160,170,229,252
QH-W-8-30,W-8-,-110.5995744,38.06566134,145,148,226,228,157,171,204,204,169,171,137,136,208,199,223,223,117,127,168,159,229,252
QH-W-8-31,W-8-,-110.5994745,38.06584972,148,146,230,202,167,171,213,213,178,171,137,137,210,240,223,223,102,127,159,159,229,252
QH-W-8-32,W-8-,-110.5994739,38.06594778,148,146,228,230,171,183,204,213,169,171,137,137,210,208,223,223,127,127,160,159,229,252
QH-W-8-33,W-8-,-110.5994661,38.0673777,148,146,228,230,171,183,204,213,169,169,137,137,210,208,224,278,127,127,160,159,229,252
QH-W-8-34,W-8-,-110.5997572,38.0676098,146,146,226,226,165,165,204,215,181,181,137,137,208,208,223,219,102,123,171,161,229,229
QH-W-8-35,W-8-,-110.5997536,38.06826347,148,146,228,232,159,165,204,215,171,181,137,137,208,205,282,282,102,110,168,162,229,260
QH-W-8-36,W-8-,-110.6018908,38.0652447,148,146,226,200,159,165,204,204,169,171,135,137,224,224,225,225,121,110,160,159,229,229
QH-W-8-37,W-8-,-110.6018908,38.0652447,145,148,226,202,157,159,204,213,181,181,137,139,208,220,0,0,121,162,160,172,229,229
QH-W-8-38,W-8-,-110.6018908,38.0652447,148,148,226,200,159,183,204,213,171,181,137,137,210,224,278,278,121,930,168,160,229,229
QH-W-8-39,W-8-,-110.6018908,38.0652447,145,145,228,200,157,163,204,204,171,171,137,137,210,210,223,223,110,133,160,160,229,229
QH-W-8-4,W-8-,-110.6017792,38.06491557,148,146,232,222,159,167,204,204,171,181,137,137,210,216,223,225,102,102,168,168,229,252
QH-W-8-5,W-8-,-110.602141,38.06491679,148,146,230,200,157,159,204,204,171,181,137,137,196,201,223,223,102,110,160,170,229,252
QH-W-8-6,W-8-,-110.6022129,38.06478115,148,146,230,200,157,159,204,204,171,181,137,137,201,201,223,223,102,110,160,170,229,252
QH-W-8-7,W-8-,-110.6019,38.06453164,148,146,232,222,159,167,204,204,171,181,137,137,210,216,223,225,102,102,168,168,229,252
QH-W-8-8,W-8-,-110.601644,38.06451474,146,146,226,230,179,157,204,215,181,181,137,137,212,212,223,223,117,930,166,170,229,229
QH-W-8-9,W-8-,-110.6014654,38.06381114,146,146,230,200,179,165,204,215,171,181,135,137,218,212,223,223,102,139,160,171,223,252
QH-W-9-1,W-9-,-109.5268944,38.57305969,145,145,226,222,159,183,204,204,181,172,137,137,208,208,225,225,117,117,173,161,229,229
QH-W-9-10,W-9-,-109.5265662,38.57608878,146,146,228,228,163,183,204,204,181,181,135,135,218,212,278,282,102,930,168,166,229,226
QH-W-9-12,W-9-,-109.5258703,38.57604217,146,146,226,200,183,183,204,215,181,172,137,137,212,208,223,223,123,110,160,160,231,252
QH-W-9-13,W-9-,-109.525081,38.57540233,148,146,210,222,173,185,204,204,181,181,137,137,207,204,223,223,121,110,160,156,232,252
QH-W-9-14,W-9-,-109.525081,38.57540233,148,146,210,222,173,185,204,204,181,181,137,137,207,204,223,223,121,110,160,156,232,252
QH-W-9-16,W-9-,-109.5237025,38.57382418,146,146,226,226,169,167,204,213,171,181,137,137,212,203,223,223,930,930,168,168,229,230
QH-W-9-2,W-9-,-109.5270091,38.57328732,145,148,226,226,159,165,204,221,169,169,137,137,208,207,223,223,121,137,159,159,235,229
QH-W-9-20,W-9-,-109.5233769,38.57190516,146,146,226,226,157,163,205,205,171,181,137,137,210,210,278,278,110,133,168,160,223,229
QH-W-9-21,W-9-,-109.5235779,38.57133278,148,146,226,202,179,167,206,206,181,181,137,137,196,201,223,223,117,119,160,171,229,252
QH-W-9-22,W-9-,-109.5239833,38.5716614,148,146,228,220,165,183,204,204,178,171,137,137,205,205,223,223,102,112,169,159,229,229
QH-W-9-23,W-9-,-109.52496,38.57245319,148,146,230,196,183,183,204,219,184,181,137,137,205,205,225,225,100,102,167,159,252,252
QH-W-9-24,W-9-,-109.5253224,38.57274702,145,145,226,191,159,171,204,213,175,181,137,137,210,220,223,223,100,123,159,174,223,223
QH-W-9-25,W-9-,-109.5256194,38.57298776,146,146,226,191,159,171,204,213,175,181,137,137,210,220,223,223,100,123,159,174,223,223
QH-W-9-26,W-9-,-109.5255105,38.57337568,145,145,224,208,179,165,204,204,171,181,137,137,207,207,224,224,102,139,160,172,232,229
QH-W-9-27,W-9-,-109.5258433,38.57337988,145,145,226,208,165,167,204,202,172,172,137,137,208,207,278,278,102,131,160,160,232,252
QH-W-9-28,W-9-,-109.5263761,38.57314328,145,148,226,222,165,183,204,213,171,181,137,137,205,207,224,224,110,139,160,174,229,229
QH-W-9-29,W-9-,-109.5260694,38.57253566,145,145,228,218,159,167,206,206,181,181,137,137,196,210,223,223,102,119,160,173,229,229
QH-W-9-3,W-9-,-109.5272231,38.57371265,145,145,226,226,165,177,204,237,171,181,137,137,216,216,223,223,102,110,168,167,229,229
QH-W-9-30,W-9-,-109.5268629,38.57280517,148,146,226,222,165,165,204,219,181,181,137,137,216,205,224,224,110,119,159,157,229,255
QH-W-9-31,W-9-,-109.5272456,38.57311638,145,148,226,210,159,165,206,206,169,181,137,137,205,204,223,223,123,117,160,174,229,229
QH-W-9-32,W-9-,-109.5272706,38.57329962,148,146,226,226,165,167,204,206,171,181,137,137,210,216,224,278,119,119,159,159,223,229
QH-W-9-33,W-9-,-109.5273316,38.57351666,146,146,226,202,157,165,204,204,181,181,137,137,208,207,223,223,121,110,168,167,229,222
QH-W-9-34,W-9-,-109.5274755,38.57383387,146,146,202,210,179,171,204,209,178,178,137,137,207,207,278,278,102,110,168,160,235,229
QH-W-9-35,W-9-,-109.5275583,38.57405299,145,145,226,226,165,183,204,202,169,181,137,137,214,214,223,223,117,112,168,168,229,230
QH-W-9-4,W-9-,-109.5272849,38.57383418,148,148,218,222,179,173,204,204,171,181,137,137,208,208,224,224,121,117,168,160,232,229
QH-W-9-5,W-9-,-109.5273795,38.57414806,148,146,226,210,179,157,204,202,171,171,137,139,208,204,0,0,102,102,164,164,229,229
QH-W-9-6,W-9-,-109.5274304,38.57452177,146,146,228,222,157,163,219,219,181,181,137,137,218,205,223,223,121,110,160,159,235,229
QH-W-9-7,W-9-,-109.5273101,38.57473923,145,148,226,202,165,173,204,204,181,181,137,137,208,204,223,223,102,112,160,175,241,226
QH-W-9-8,W-9-,-109.5271861,38.57496386,145,148,226,202,165,173,204,204,181,181,137,137,208,204,223,223,102,112,160,175,241,226
QH-W-9-9,W-9-,-109.5267939,38.57567622,146,146,226,222,175,175,204,202,181,181,137,137,208,208,223,223,110,131,168,160,229,252